<?xml version='1.0' encoding='UTF-8'?>
<system creation-date="2017-02-04 15:45:52" desc=" " enable="False" id="AA13105A-0487-4E02-A861-3F26D73BC50A" last-modified-date="" name="14000-500693"><applications><application name="RobotWare" version="6.04.0140"><settings><setting-file path="/hd0a/14000-500693/INTERNAL/controller.rsf" /><system-xml path="/hd0a/14000-500693/system.xml" /><key-id path="/hd0a/14000-500693/INTERNAL/key.id" /></settings></application><application name="SmartGripperV3" version="3.10.0000.01"><settings><setting-file path="/hd0a/14000-500693/INTERNAL/controller.rsf" /><system-xml path="/hd0a/14000-500693/system.xml" /><key-id path="/hd0a/14000-500693/INTERNAL/key.id" /></settings></application></applications></system>