<?xml version='1.0' encoding='UTF-8'?>
<system creation-date="2016-11-09 17:49:12" desc="14000-500577" enable="False" id="34368546-472A-4C58-BFFB-C1B65059EB13" last-modified-date="" name="14000-500577"><applications><application name="RobotWare" version="6.04.0140"><settings><setting-file path="/hd0a/14000-500577/INTERNAL/controller.rsf" /><system-xml path="/hd0a/14000-500577/system.xml" /><key-id path="/hd0a/14000-500577/INTERNAL/key.id" /></settings></application><application name="SmartGripperV3" version="3.10.0000.01"><settings><setting-file path="/hd0a/14000-500577/INTERNAL/controller.rsf" /><system-xml path="/hd0a/14000-500577/system.xml" /><key-id path="/hd0a/14000-500577/INTERNAL/key.id" /></settings></application><application name="TrackMotion" version="6.04.0140"><settings><setting-file path="/hd0a/14000-500577/INTERNAL/controller.rsf" /><system-xml path="/hd0a/14000-500577/system.xml" /><key-id path="/hd0a/14000-500577/INTERNAL/key.id" /></settings></application><application name="Positioner" version="6.04.0140"><settings><setting-file path="/hd0a/14000-500577/INTERNAL/controller.rsf" /><system-xml path="/hd0a/14000-500577/system.xml" /><key-id path="/hd0a/14000-500577/INTERNAL/key.id" /></settings></application></applications></system>