<?xml version='1.0' encoding='UTF-8'?>
<system creation-date="2017-02-04 12:40:17" desc="14000-500694" enable="False" id="ACCA0ED8-0673-4D15-B7A5-44F9F5F1B251" last-modified-date="" name="14000-500694"><applications><application name="RobotWare" version="6.04.0140"><settings><setting-file path="/hd0a/14000-500694/INTERNAL/controller.rsf" /><system-xml path="/hd0a/14000-500694/system.xml" /><key-id path="/hd0a/14000-500694/INTERNAL/key.id" /></settings></application><application name="SmartGripperV3" version="3.10.0000.01"><settings><setting-file path="/hd0a/14000-500694/INTERNAL/controller.rsf" /><system-xml path="/hd0a/14000-500694/system.xml" /><key-id path="/hd0a/14000-500694/INTERNAL/key.id" /></settings></application><application name="Positioner" version="6.04.1027"><settings><setting-file path="/hd0a/14000-500694/INTERNAL/controller.rsf" /><system-xml path="/hd0a/14000-500694/system.xml" /><key-id path="/hd0a/14000-500694/INTERNAL/key.id" /></settings></application><application name="TrackMotion" version="6.04.1027"><settings><setting-file path="/hd0a/14000-500694/INTERNAL/controller.rsf" /><system-xml path="/hd0a/14000-500694/system.xml" /><key-id path="/hd0a/14000-500694/INTERNAL/key.id" /></settings></application></applications></system>